ID,MATCHID,ROBOTID,SCOUTID,LEAVEHAB,SSHATCHCNT,SSCARGOCNT,TOHATCHCNT,TOCARGOCNT,PLAYEDDEFENSE,RETURNTOHAB
393,44,23,15,1,0,0,1,1,0,1
394,104,23,15,1,0,0,1,1,0,1
395,45,38,15,2,0,0,4,0,0,1
204,1,17,4,0,0,0,0,0,0,0
205,1,41,11,1,0,0,0,0,1,1
206,1,2,18,1,0,0,2,0,0,1
207,1,22,19,1,0,0,1,0,0,0
208,1,37,1,1,1,0,0,4,0,3
209,2,11,16,2,0,0,0,0,0,1
210,2,17,18,1,0,0,2,0,0,1
211,2,47,11,0,0,0,2,0,0,1
396,105,38,15,2,0,0,4,0,0,1
213,2,37,1,1,1,0,1,3,0,3
214,3,2,16,1,0,0,1,0,0,0
215,3,37,18,1,0,0,0,5,0,3
216,3,32,1,2,0,0,0,0,0,2
217,4,2,4,1,0,0,2,0,0,1
218,4,37,18,1,0,0,0,5,0,3
219,4,32,1,2,0,0,3,0,0,1
220,5,14,12,2,0,0,1,0,0,1
221,5,38,1,2,0,0,2,0,0,1
222,5,29,2,0,0,0,0,0,0,0
223,5,45,13,1,0,1,0,0,0,1
224,6,23,18,1,0,0,0,4,0,1
225,6,3,13,2,1,0,5,6,0,3
226,6,25,1,1,0,0,2,2,0,1
227,6,37,19,1,0,0,2,4,0,1
228,6,12,2,0,0,0,0,0,0,0
229,7,20,13,1,0,0,0,0,0,0
230,7,1,2,1,0,0,0,0,0,1
231,7,18,19,2,0,0,0,4,0,0
232,6,48,12,1,0,0,1,0,0,1
233,8,12,19,1,0,0,1,2,0,0
234,8,43,2,0,0,0,0,0,0,0
397,46,44,15,2,0,0,0,0,0,1
236,9,5,2,0,0,0,0,0,0,0
398,106,44,15,2,0,0,0,0,0,1
238,9,3,19,2,1,0,0,5,0,3
399,107,12,15,2,0,0,2,4,0,3
400,108,19,15,1,1,0,0,5,0,3
401,109,25,15,2,0,0,3,1,0,1
242,10,40,2,2,0,0,0,0,0,1
243,10,17,13,1,0,0,2,3,0,1
244,10,32,19,2,0,0,0,0,0,1
245,11,24,13,1,0,0,0,0,0,1
246,11,12,19,1,0,0,1,4,0,1
247,11,3,2,2,1,0,3,4,0,3
402,111,1,15,1,0,0,0,0,2,0
249,12,48,13,1,1,0,0,0,0,0
250,19,19,16,0,0,0,0,1,0,0
251,20,36,16,0,0,0,0,0,0,1
252,21,45,16,1,0,0,0,1,0,1
253,23,13,16,1,0,0,1,0,0,1
254,1,17,11,0,0,0,0,0,0,0
255,3,2,11,1,0,0,1,0,0,0
256,4,2,11,1,0,0,2,0,0,1
257,5,14,11,2,0,0,1,0,0,1
258,12,2,2,0,0,0,0,0,0,0
259,13,25,2,2,0,0,1,3,0,1
260,14,3,2,2,1,0,3,4,0,3
403,112,39,15,2,0,0,0,3,0,1
404,113,15,15,1,0,0,0,0,0,1
405,114,3,15,2,1,0,2,3,0,3
264,15,11,2,2,0,0,2,0,0,0
265,16,15,2,0,0,0,2,3,0,0
266,17,15,2,1,0,0,2,3,0,1
406,115,27,15,1,0,0,1,0,0,1
268,18,24,2,1,0,0,1,2,0,0
407,116,45,15,1,0,1,1,5,0,1
408,117,7,15,1,1,0,0,10,0,2
271,11,24,2,1,0,0,0,0,0,1
409,118,36,15,2,0,0,0,2,0,1
273,61,27,2,1,0,0,0,3,0,1
410,119,28,15,2,0,0,0,0,1,1
275,61,16,16,1,0,0,1,0,0,3
411,1,7,15,2,0,0,0,0,0,1
277,61,24,1,1,0,0,0,3,0,1
412,61,7,15,2,0,0,0,0,0,1
413,2,38,15,2,0,0,5,0,0,1
414,62,38,15,2,0,0,5,0,0,1
415,3,13,15,2,0,0,3,0,0,2
282,62,41,16,1,0,0,0,4,0,1
416,63,13,15,2,0,0,3,0,0,2
284,65,37,16,1,1,0,2,3,0,3
417,4,29,15,1,0,0,0,1,0,1
418,64,29,15,1,0,0,0,1,0,1
287,64,32,16,2,0,0,6,0,0,2
288,67,42,8,1,0,0,0,3,0,1
289,66,26,16,2,0,0,0,0,0,1
290,68,2,8,1,1,0,0,3,0,0
419,5,19,15,2,0,0,2,5,0,1
420,65,19,15,2,0,0,2,5,0,1
293,69,46,8,0,0,0,0,0,1,0
294,63,11,8,1,0,0,0,0,0,1
421,6,36,15,2,0,0,0,1,0,1
296,73,3,16,2,1,0,5,2,0,3
422,66,36,15,2,0,0,0,1,0,1
298,80,40,16,2,0,0,0,0,3,1
299,79,13,16,1,0,0,0,0,0,0
300,78,5,16,1,0,1,0,2,0,1
301,77,29,16,1,0,0,0,5,0,0
423,7,3,15,2,1,0,5,2,0,3
424,67,3,15,2,1,0,5,2,0,3
425,8,25,15,2,0,0,2,1,1,1
305,1,7,19,2,0,0,0,0,0,1
306,2,38,19,2,0,0,5,0,0,1
307,3,13,19,2,0,0,3,0,0,2
308,4,29,19,1,0,0,0,1,0,1
309,1,16,15,1,0,0,1,0,0,3
310,61,16,15,1,0,0,1,0,0,3
311,2,41,15,1,0,0,0,4,0,1
312,62,41,15,1,0,0,0,4,0,1
313,3,11,15,1,0,0,0,0,0,1
314,63,11,15,1,0,0,0,0,0,1
315,4,32,15,2,0,0,6,0,0,2
316,64,32,15,2,0,0,6,0,0,2
317,5,37,15,1,1,0,2,3,0,3
318,65,37,15,1,1,0,2,3,0,3
319,6,26,15,2,0,0,0,0,0,1
320,66,26,15,2,0,0,0,0,0,1
321,7,42,15,1,0,0,0,3,0,1
322,67,42,15,1,0,0,0,3,0,1
323,8,2,15,1,1,0,0,3,0,0
324,68,2,15,1,1,0,0,3,0,0
325,9,46,15,0,0,0,0,0,1,0
326,69,46,15,0,0,0,0,0,1,0
327,10,39,15,2,0,0,0,0,0,1
328,70,39,15,2,0,0,0,0,0,1
329,11,29,15,1,0,0,0,3,0,0
330,71,29,15,1,0,0,0,3,0,0
331,12,42,15,1,0,1,0,1,0,2
332,72,42,15,1,0,1,0,1,0,2
333,13,3,15,2,1,0,5,2,0,3
334,73,3,15,2,1,0,5,2,0,3
335,14,20,15,1,0,0,2,0,0,1
336,74,20,15,1,0,0,2,0,0,1
337,15,13,15,1,0,0,1,0,0,1
338,75,13,15,1,0,0,1,0,0,1
339,16,31,15,0,0,0,2,0,0,0
340,76,31,15,0,0,0,2,0,0,0
341,17,46,15,1,0,0,0,0,1,1
342,77,46,15,1,0,0,0,0,1,1
343,18,44,15,2,0,0,0,0,1,1
344,78,44,15,2,0,0,0,0,1,1
345,19,20,15,2,0,0,3,0,0,1
346,79,20,15,2,0,0,3,0,0,1
347,20,18,15,2,0,1,0,5,0,1
348,80,18,15,2,0,1,0,5,0,1
349,21,43,15,2,0,0,0,3,0,1
350,81,43,15,2,0,0,0,3,0,1
351,22,25,15,2,0,0,1,2,0,2
352,82,25,15,2,0,0,1,2,0,2
353,23,10,15,1,0,0,1,4,2,3
354,83,10,15,1,0,0,1,4,2,3
355,24,31,15,1,0,0,0,0,0,1
356,84,31,15,1,0,0,0,0,0,1
357,25,15,15,1,0,0,0,3,0,1
358,85,15,15,1,0,0,0,3,0,1
359,26,28,15,2,0,0,1,1,0,1
360,86,28,15,2,0,0,1,1,0,1
361,27,9,15,2,0,0,0,2,0,0
362,87,9,15,2,0,0,0,2,0,0
363,28,30,15,1,0,0,0,0,2,1
364,88,30,15,1,0,0,0,0,2,1
365,29,24,15,1,0,0,0,3,0,1
366,89,24,15,1,0,0,0,3,0,1
367,30,40,15,2,0,0,0,0,0,1
368,90,40,15,2,0,0,0,0,0,1
369,31,35,15,2,0,0,3,2,0,2
370,91,35,15,2,0,0,3,2,0,2
371,32,47,15,1,1,0,3,0,0,3
372,92,47,15,1,1,0,3,0,0,3
373,33,5,15,1,0,1,1,2,0,0
374,93,5,15,1,0,1,1,2,0,0
375,34,38,15,1,0,0,0,0,1,1
376,94,38,15,1,0,0,0,0,1,1
377,35,34,15,1,0,0,1,0,0,2
378,95,34,15,1,0,0,1,0,0,2
379,36,23,15,1,0,0,1,0,0,3
380,96,23,15,1,0,0,1,0,0,3
381,37,12,15,2,0,0,0,5,0,3
382,97,12,15,2,0,0,0,5,0,3
383,38,48,15,2,0,0,3,0,0,3
384,98,48,15,2,0,0,3,0,0,3
385,39,16,15,1,0,0,2,3,0,1
386,99,16,15,1,0,0,2,3,0,1
387,41,4,15,2,0,0,0,3,0,1
388,101,4,15,2,0,0,0,3,0,1
389,42,7,15,1,0,0,2,7,0,0
390,102,7,15,1,0,0,2,7,0,0
391,43,25,15,1,0,0,0,4,0,2
392,103,25,15,1,0,0,0,4,0,2
426,68,25,15,2,0,0,2,1,1,1
427,9,18,15,2,0,1,0,4,0,0
428,69,18,15,2,0,1,0,4,0,0
429,10,17,15,1,0,0,2,7,0,1
430,70,17,15,1,0,0,2,7,0,1
431,11,10,15,1,1,0,2,5,0,3
432,71,10,15,1,1,0,2,5,0,3
433,12,35,15,2,0,0,3,4,0,2
434,72,35,15,2,0,0,3,4,0,2
435,13,45,15,1,0,1,2,2,0,0
436,73,45,15,1,0,1,2,2,0,0
437,14,8,15,2,0,0,0,3,0,1
438,74,8,15,2,0,0,0,3,0,1
439,15,28,15,2,0,0,2,2,0,1
440,75,28,15,2,0,0,2,2,0,1
441,16,41,15,1,0,0,0,3,0,1
442,76,41,15,1,0,0,0,3,0,1
443,17,1,15,2,0,0,0,0,0,3
444,77,1,15,2,0,0,0,0,0,3
445,18,19,15,2,1,0,2,2,0,3
446,78,19,15,2,1,0,2,2,0,3
447,19,39,15,2,0,0,0,2,0,0
448,79,39,15,2,0,0,0,2,0,0
449,20,11,15,1,0,0,1,0,0,0
450,80,11,15,1,0,0,1,0,0,0
451,21,48,15,2,0,0,0,0,1,1
452,81,48,15,2,0,0,0,0,1,1
453,22,34,15,1,0,0,0,0,0,0
454,82,34,15,1,0,0,0,0,0,0
455,23,22,15,1,0,0,2,5,0,1
456,83,22,15,1,0,0,2,5,0,1
457,24,12,15,2,0,0,1,5,0,3
458,84,12,15,2,0,0,1,5,0,3
459,25,13,15,2,0,0,3,0,0,2
460,85,13,15,2,0,0,3,0,0,2
461,26,42,15,1,0,0,0,0,0,0
462,86,42,15,1,0,0,0,0,0,0
463,27,6,15,1,1,0,5,2,0,1
464,87,6,15,1,1,0,5,2,0,1
465,28,2,15,1,0,0,2,1,0,0
466,88,2,15,1,0,0,2,1,0,0
467,29,14,15,1,0,0,0,0,0,0
468,89,14,15,1,0,0,0,0,0,0
469,30,26,15,1,0,0,2,1,0,1
470,90,26,15,1,0,0,2,1,0,1
471,31,41,15,1,0,0,0,3,0,1
472,91,41,15,1,0,0,0,3,0,1
473,32,31,15,2,0,0,1,0,0,1
474,92,31,15,2,0,0,1,0,0,1
475,33,2,15,1,1,0,0,0,0,1
476,93,2,15,1,1,0,0,0,0,1
477,34,24,15,1,0,0,1,0,0,1
478,94,24,15,1,0,0,1,0,0,1
479,35,32,15,2,0,0,3,0,0,2
480,95,32,15,2,0,0,3,0,0,2
481,36,21,15,2,0,0,0,0,2,0
482,96,21,15,2,0,0,0,0,2,0
483,37,33,15,1,0,0,6,0,0,1
484,97,33,15,1,0,0,6,0,0,1
485,38,40,15,2,0,0,3,0,0,1
486,98,40,15,2,0,0,3,0,0,1
487,39,11,15,2,0,0,4,0,0,1
488,99,11,15,2,0,0,4,0,0,1
489,40,27,15,1,0,0,0,0,0,1
490,100,27,15,1,0,0,0,0,0,1
491,41,30,15,1,0,0,0,0,3,1
492,101,30,15,1,0,0,0,0,3,1
493,42,18,15,1,0,1,0,2,0,1
494,102,18,15,1,0,1,0,2,0,1
495,43,8,15,2,0,1,0,0,0,0
496,103,8,15,2,0,1,0,0,0,0
497,44,3,15,2,1,0,1,4,0,3
498,104,3,15,2,1,0,1,4,0,3
499,45,36,15,2,1,0,0,3,0,1
500,105,36,15,2,1,0,0,3,0,1
501,46,41,15,1,0,0,0,1,0,1
502,106,41,15,1,0,0,0,1,0,1
503,107,22,15,1,0,0,1,1,0,1
504,108,20,15,2,0,0,1,0,0,1
505,109,18,15,1,0,1,1,2,0,1
506,110,24,15,1,0,0,0,3,0,1
507,111,38,15,2,1,0,1,0,1,1
508,112,10,15,1,0,0,3,3,0,3
509,113,48,15,2,0,0,1,0,0,1
510,114,9,15,2,0,0,0,1,2,1
511,115,35,15,2,1,0,2,3,0,1
512,116,30,15,1,0,0,0,0,3,1
513,117,14,15,1,1,0,4,0,0,0
514,118,40,15,1,0,0,2,0,0,1
515,119,6,15,1,1,0,3,1,0,1
516,23,21,15,2,0,0,0,0,2,1
517,83,21,15,2,0,0,0,0,2,1
518,24,3,15,2,1,0,3,4,0,3
519,84,3,15,2,1,0,3,4,0,3
520,25,7,15,1,1,0,2,6,0,1
521,85,7,15,1,1,0,2,6,0,1
522,26,4,15,2,0,0,0,1,0,1
523,86,4,15,2,0,0,0,1,0,1
524,27,46,15,1,0,0,0,0,2,1
525,87,46,15,1,0,0,0,0,2,1
526,28,16,15,1,0,0,3,1,0,3
527,88,16,15,1,0,0,3,1,0,3
528,29,5,15,1,0,1,1,2,0,1
529,89,5,15,1,0,1,1,2,0,1
530,30,21,15,2,0,0,0,0,1,1
531,90,21,15,2,0,0,0,0,1,1
532,31,11,15,2,0,0,3,0,0,2
533,91,11,15,2,0,0,3,0,0,2
534,32,23,15,1,0,0,2,5,0,1
535,92,23,15,1,0,0,2,5,0,1
536,33,44,15,2,0,0,0,0,0,1
537,93,44,15,2,0,0,0,0,0,1
538,34,39,15,2,0,0,0,2,0,2
539,94,39,15,2,0,0,0,2,0,2
540,35,26,15,1,0,0,2,2,0,1
541,95,26,15,1,0,0,2,2,0,1
542,36,35,15,2,0,0,3,1,0,2
543,96,35,15,2,0,0,3,1,0,2
544,37,47,15,1,0,0,1,0,1,0
545,97,47,15,1,0,0,1,0,1,0
546,38,28,15,2,0,0,0,2,0,1
547,98,28,15,2,0,0,0,2,0,1
548,39,31,15,1,0,0,1,0,0,1
549,99,31,15,1,0,0,1,0,0,1
550,40,42,15,2,0,0,0,0,1,3
551,100,42,15,2,0,0,0,0,1,3
552,41,47,15,1,0,0,1,1,0,3
553,101,47,15,1,0,0,1,1,0,3
554,42,14,15,1,0,0,4,0,0,1
555,102,14,15,1,0,0,4,0,0,1
556,43,15,15,1,0,0,0,0,2,1
557,103,15,15,1,0,0,0,0,2,1
558,44,33,15,1,0,0,3,0,0,0
559,104,33,15,1,0,0,3,0,0,0
560,45,26,15,1,0,0,0,5,0,1
561,105,26,15,1,0,0,0,5,0,1
562,46,1,15,2,0,0,1,0,0,1
563,106,1,15,2,0,0,1,0,0,1
564,107,37,15,1,0,0,0,6,0,3
565,108,27,15,1,0,0,1,0,0,1
566,109,33,15,2,0,0,3,0,0,1
567,110,23,15,1,0,0,1,5,0,3
568,111,12,15,2,0,1,0,5,0,3
569,112,46,15,2,0,0,0,0,1,1
570,113,44,15,2,0,0,0,0,0,0
571,114,6,15,1,0,0,5,2,0,1
572,115,32,15,2,0,0,2,0,0,2
573,116,29,15,1,0,0,0,5,0,1
574,117,42,15,2,0,1,0,2,0,3
575,118,16,15,1,0,0,1,3,0,3
576,119,38,15,2,1,0,1,0,0,1
577,1,48,15,1,0,0,0,0,2,1
578,61,48,15,1,0,0,0,0,2,1
579,2,30,15,1,0,0,0,0,2,1
580,62,30,15,1,0,0,0,0,2,1
581,3,47,15,1,1,0,3,0,0,3
582,63,47,15,1,1,0,3,0,0,3
583,4,23,15,1,0,0,0,4,0,3
584,64,23,15,1,0,0,0,4,0,3
585,5,33,15,1,0,0,1,0,2,0
586,65,33,15,1,0,0,1,0,2,0
587,6,1,15,1,0,0,0,0,0,0
588,66,1,15,1,0,0,0,0,0,0
589,7,12,15,2,0,0,1,2,2,2
590,67,12,15,2,0,0,1,2,2,2
591,8,9,15,2,0,0,2,2,0,1
592,68,9,15,2,0,0,2,2,0,1
593,9,33,15,1,1,0,3,0,0,0
594,69,33,15,1,1,0,3,0,0,0
595,10,44,15,2,0,0,0,0,2,1
596,70,44,15,2,0,0,0,0,2,1
597,11,48,15,2,0,0,0,0,2,1
598,71,48,15,2,0,0,0,0,2,1
599,12,16,15,2,0,0,1,2,0,1
600,72,16,15,2,0,0,1,2,0,1
601,13,15,15,1,0,0,0,0,0,1
602,73,15,15,1,0,0,0,0,0,1
603,14,9,15,2,0,0,2,2,0,1
604,74,9,15,2,0,0,2,2,0,1
605,15,24,15,1,0,0,1,0,0,1
606,75,24,15,1,0,0,1,0,0,1
607,16,32,15,2,0,0,0,0,0,1
608,76,32,15,2,0,0,0,0,0,1
609,17,29,15,1,0,0,0,5,0,0
610,77,29,15,1,0,0,0,5,0,0
611,18,5,15,1,0,1,0,2,0,1
612,78,5,15,1,0,1,0,2,0,1
613,19,13,15,1,0,0,0,0,0,0
614,79,13,15,1,0,0,0,0,0,0
615,20,40,15,2,0,0,0,0,3,1
616,80,40,15,2,0,0,0,0,3,1
617,21,2,15,1,0,0,1,1,0,1
618,81,2,15,1,0,0,1,1,0,1
619,22,4,15,2,0,0,0,2,2,1
620,82,4,15,2,0,0,0,2,2,1
621,23,6,15,1,1,0,4,4,0,1
622,83,6,15,1,1,0,4,4,0,1
623,24,27,15,1,0,0,0,0,2,0
624,84,27,15,1,0,0,0,0,2,0
625,1,10,15,1,1,0,1,4,0,0
626,61,10,15,1,1,0,1,4,0,0
627,2,15,15,1,0,0,2,1,0,1
628,62,15,15,1,0,0,2,1,0,1
629,3,14,15,1,0,0,3,0,0,0
630,63,14,15,1,0,0,3,0,0,0
631,4,46,15,0,0,0,0,0,2,0
632,64,46,15,0,0,0,0,0,2,0
633,5,43,15,0,0,0,0,3,0,1
634,65,43,15,0,0,0,0,3,0,1
635,6,35,15,2,0,0,0,5,0,1
636,66,35,15,2,0,0,0,5,0,1
637,7,5,15,1,0,0,2,1,0,1
638,67,5,15,1,0,0,2,1,0,1
639,8,22,15,1,0,0,1,1,0,0
640,68,22,15,1,0,0,1,1,0,0
641,9,38,15,2,0,0,6,0,0,0
642,69,38,15,2,0,0,6,0,0,0
643,10,19,15,2,1,0,2,4,0,1
644,70,19,15,2,1,0,2,4,0,1
645,11,1,15,2,0,0,0,0,2,1
646,71,1,15,2,0,0,0,0,2,1
647,12,23,15,1,0,0,1,3,0,3
648,72,23,15,1,0,0,1,3,0,3
649,14,40,15,2,0,0,1,0,0,1
650,74,40,15,2,0,0,1,0,0,1
651,15,6,15,1,0,0,6,0,0,1
652,75,6,15,1,0,0,6,0,0,1
653,16,30,15,1,0,0,0,0,2,1
654,76,30,15,1,0,0,0,0,2,1
655,17,47,15,1,0,0,3,0,0,3
656,77,47,15,1,0,0,3,0,0,3
657,18,9,15,2,1,0,1,2,0,1
658,78,9,15,2,1,0,1,2,0,1
659,19,33,15,1,0,0,5,0,0,1
660,79,33,15,1,0,0,5,0,0,1
661,20,36,15,1,0,0,1,2,0,1
662,80,36,15,1,0,0,1,2,0,1
663,21,37,15,1,1,0,4,1,0,3
664,81,37,15,1,1,0,4,1,0,3
665,22,35,15,2,0,0,1,3,0,1
666,82,35,15,2,0,0,1,3,0,1
667,23,14,15,2,0,0,2,0,0,0
668,83,14,15,2,0,0,2,0,0,0
669,24,8,15,2,0,0,0,3,0,1
670,84,8,15,2,0,0,0,3,0,1
671,25,17,15,1,1,0,0,3,0,1
672,85,17,15,1,1,0,0,3,0,1
673,26,36,15,2,0,0,1,3,0,1
674,86,36,15,2,0,0,1,3,0,1
675,27,32,15,2,0,0,4,0,0,2
676,87,32,15,2,0,0,4,0,0,2
677,28,18,15,2,0,1,2,1,0,1
678,88,18,15,2,0,1,2,1,0,1
679,29,34,15,1,0,0,0,0,1,1
680,89,34,15,1,0,0,0,0,1,1
681,30,10,15,1,1,0,2,4,0,3
682,90,10,15,1,1,0,2,4,0,3
683,31,33,15,1,0,0,0,0,1,1
684,91,33,15,1,0,0,0,0,1,1
685,32,48,15,2,0,0,0,0,1,1
686,92,48,15,2,0,0,0,0,1,1
687,33,7,15,2,1,0,1,6,0,1
688,93,7,15,2,1,0,1,6,0,1
689,34,4,15,2,0,1,0,1,2,2
690,94,4,15,2,0,1,0,1,2,2
691,35,20,15,2,0,0,3,0,0,1
692,95,20,15,2,0,0,3,0,0,1
693,36,1,15,2,0,0,0,0,0,1
694,96,1,15,2,0,0,0,0,0,1
695,37,19,15,2,0,1,0,5,0,3
696,97,19,15,2,0,1,0,5,0,3
697,38,14,15,1,0,0,2,0,0,0
698,98,14,15,1,0,0,2,0,0,0
699,39,15,15,1,0,0,0,4,0,1
700,99,15,15,1,0,0,0,4,0,1
701,40,29,15,1,1,0,0,4,0,0
702,100,29,15,1,1,0,0,4,0,0
703,41,21,15,2,0,0,0,0,0,1
704,101,21,15,2,0,0,0,0,0,1
705,42,45,15,1,0,1,1,5,2,1
706,102,45,15,1,0,1,1,5,2,1
707,43,17,15,2,1,0,6,0,0,1
708,103,17,15,2,1,0,6,0,0,1
709,44,32,15,2,0,0,2,0,0,2
710,104,32,15,2,0,0,2,0,0,2
711,45,43,15,2,0,1,0,0,2,1
712,105,43,15,2,0,1,0,0,2,1
713,46,40,15,1,0,0,3,0,0,1
714,106,40,15,1,0,0,3,0,0,1
715,107,6,15,1,1,0,6,5,0,1
716,108,2,15,1,1,0,1,2,0,1
717,109,8,15,2,0,0,0,3,0,1
718,110,41,15,1,0,0,0,3,0,1
719,111,37,15,1,0,0,3,0,0,2
720,112,31,15,1,0,0,0,0,2,1
721,113,22,15,1,1,0,1,3,0,0
722,114,47,15,1,0,0,0,0,3,3
723,115,28,15,2,1,0,0,4,0,1
724,116,11,15,1,0,0,1,0,0,2
725,117,4,15,2,0,0,0,0,0,1
726,118,39,15,2,0,0,0,4,0,2
727,119,2,15,1,0,0,1,0,3,0
728,1,24,15,1,0,0,0,3,0,1
729,61,24,15,1,0,0,0,3,0,1
730,2,39,15,2,0,0,0,0,0,2
731,62,39,15,2,0,0,0,0,0,2
732,3,44,15,2,0,0,0,0,1,1
733,63,44,15,2,0,0,0,0,1,1
734,4,21,15,1,0,0,0,0,0,1
735,64,21,15,1,0,0,0,0,0,1
736,5,34,15,0,0,0,0,0,0,0
737,65,34,15,0,0,0,0,0,0,0
738,6,6,15,1,1,0,5,2,0,3
739,66,6,15,1,1,0,5,2,0,3
740,7,28,15,0,0,0,2,2,0,0
741,67,28,15,0,0,0,2,2,0,0
742,8,45,15,1,0,1,3,1,1,1
743,68,45,15,1,0,1,3,1,1,1
744,9,21,15,2,0,0,0,0,0,1
745,69,21,15,2,0,0,0,0,0,1
746,10,26,15,1,0,0,2,1,0,1
747,70,26,15,1,0,0,2,1,0,1
748,11,11,15,1,0,0,3,0,0,1
749,71,11,15,1,0,0,3,0,0,1
750,12,47,15,1,0,0,3,0,0,1
751,72,47,15,1,0,0,3,0,0,1
752,14,4,15,0,0,0,0,0,2,1
753,74,4,15,0,0,0,0,0,2,1
754,15,25,15,1,0,0,2,1,0,1
755,75,25,15,1,0,0,2,1,0,1
756,16,14,15,2,0,0,2,0,0,0
757,76,14,15,2,0,0,2,0,0,0
758,17,7,15,2,0,0,2,0,0,1
759,77,7,15,2,0,0,2,0,0,1
760,18,38,15,2,0,0,0,0,2,1
761,78,38,15,2,0,0,0,0,2,1
762,19,28,15,2,0,0,1,3,0,1
763,79,28,15,2,0,0,1,3,0,1
764,20,42,15,2,0,0,0,1,2,3
765,80,42,15,2,0,0,0,1,2,3
766,21,32,15,0,0,0,0,0,0,0
767,81,32,15,0,0,0,0,0,0,0
768,23,41,15,0,0,0,0,0,0,0
769,83,41,15,0,0,0,0,0,0,0
770,24,24,15,1,0,0,0,1,0,0
771,84,24,15,1,0,0,0,1,0,0
772,25,20,15,1,0,0,3,0,0,1
773,85,20,15,1,0,0,3,0,0,1
774,26,44,15,1,0,0,0,0,1,0
775,86,44,15,1,0,0,0,0,1,0
776,27,25,15,1,0,0,0,0,2,0
777,87,25,15,1,0,0,0,0,2,0
778,28,12,15,2,0,1,0,5,1,2
779,88,12,15,2,0,1,0,5,1,2
780,29,29,15,1,0,0,0,3,0,1
781,89,29,15,1,0,0,0,3,0,1
782,30,45,15,1,0,1,0,3,0,1
783,90,45,15,1,0,1,0,3,0,1
784,31,27,15,1,0,0,0,1,0,1
785,91,27,15,1,0,0,0,1,0,1
786,32,19,15,2,0,0,3,3,0,3
787,92,19,15,2,0,0,3,3,0,3
788,33,30,15,1,0,0,0,0,2,0
789,93,30,15,1,0,0,0,0,2,0
790,34,45,15,1,0,1,2,5,0,1
791,94,45,15,1,0,1,2,5,0,1
792,35,18,15,2,0,0,0,6,0,1
793,95,18,15,2,0,0,0,6,0,1
794,36,43,15,1,0,0,2,0,0,1
795,96,43,15,1,0,0,2,0,0,1
796,37,10,15,1,1,0,6,3,0,2
797,97,10,15,1,1,0,6,3,0,2
798,38,3,15,2,1,0,6,0,0,3
799,98,3,15,2,1,0,6,0,0,3
800,39,25,15,2,0,0,0,2,0,2
801,99,25,15,2,0,0,0,2,0,2
802,40,13,15,2,0,0,2,0,0,1
803,100,13,15,2,0,0,2,0,0,1
804,41,24,15,1,0,0,0,1,0,1
805,101,24,15,1,0,0,0,1,0,1
806,42,48,15,2,0,0,1,0,1,1
807,102,48,15,2,0,0,1,0,1,1
808,43,5,15,2,0,0,2,2,0,1
809,103,5,15,2,0,0,2,2,0,1
810,44,13,15,2,0,0,0,3,0,1
811,104,13,15,2,0,0,0,3,0,1
812,45,9,15,2,0,0,4,0,0,1
813,105,9,15,2,0,0,4,0,0,1
814,46,31,15,1,0,0,0,0,3,1
815,106,31,15,1,0,0,0,0,3,1
816,107,29,15,1,0,0,0,1,0,1
817,108,42,15,1,0,1,0,3,0,3
818,109,7,15,2,0,0,1,2,0,2
819,110,13,15,2,0,0,3,0,0,2
820,111,21,15,1,0,0,1,0,2,1
821,112,42,15,1,0,1,0,5,0,3
822,113,40,15,2,0,0,0,0,0,0
823,114,16,15,1,0,0,4,0,0,1
824,115,2,15,1,0,0,0,0,0,0
825,116,19,15,2,0,0,1,3,0,3
826,117,26,15,1,1,0,1,3,0,1
827,118,1,15,2,0,0,0,0,3,1
828,119,10,15,1,1,0,0,3,0,3
944,25,38,15,1,0,0,3,0,0,1
945,85,38,15,1,0,0,3,0,0,1
946,26,37,15,1,1,0,1,2,0,3
947,86,37,15,1,1,0,1,2,0,3
948,29,43,15,0,0,0,2,0,0,1
949,89,43,15,0,0,0,2,0,0,1
950,31,22,15,1,0,0,3,0,0,1
951,91,22,15,1,0,0,3,0,0,1
952,33,6,15,0,1,0,1,3,0,3
953,93,6,15,0,1,0,1,3,0,3
954,34,17,15,1,1,0,1,1,0,1
955,94,17,15,1,1,0,1,1,0,1
956,35,22,15,1,0,0,2,3,0,1
957,95,22,15,1,0,0,2,3,0,1
958,36,8,15,2,0,0,0,0,0,1
959,96,8,15,2,0,0,0,0,0,1
960,37,36,15,2,0,0,0,0,0,1
961,97,36,15,2,0,0,0,0,0,1
962,38,46,15,1,0,0,0,4,2,1
963,98,46,15,1,0,0,0,4,2,1
964,39,37,15,1,0,0,0,0,0,2
965,99,37,15,1,0,0,0,0,0,2
966,40,41,15,1,0,1,0,2,2,1
967,100,41,15,1,0,1,0,2,2,1
968,41,10,15,1,0,0,2,0,0,3
969,101,10,15,1,0,0,2,0,0,3
970,42,35,15,2,1,0,3,0,0,1
971,102,35,15,2,1,0,3,0,0,1
972,43,28,15,1,1,0,1,0,0,0
973,103,28,15,1,1,0,1,0,0,0
974,44,16,15,2,0,0,2,0,0,0
975,104,16,15,2,0,0,2,0,0,0
976,46,34,15,1,0,0,0,0,2,0
977,106,34,15,1,0,0,0,0,2,0
978,107,39,15,2,0,0,0,2,0,1
979,108,46,15,2,0,0,0,0,2,1
980,109,36,15,1,0,0,2,0,0,1
981,110,26,15,1,0,0,0,2,0,1
982,111,14,15,2,0,0,0,0,0,0
983,112,43,15,2,0,0,0,1,0,1
984,113,4,15,2,0,0,0,2,1,1
985,114,17,15,1,1,0,0,3,1,0
986,115,34,15,1,0,0,0,1,2,1
987,116,20,15,2,0,0,1,0,0,1
988,117,31,15,1,0,0,0,0,3,1
989,118,21,15,1,0,0,0,0,0,0
990,119,23,15,1,0,0,1,3,0,3
1150,120,11,17,2,0,0,4,0,0,1
1151,121,30,17,1,0,0,0,0,1,2
1152,122,5,17,2,0,0,2,0,0,1
1153,123,17,17,1,1,0,1,3,0,1
1154,132,43,4,1,0,0,2,0,0,1
1160,132,12,13,2,0,0,0,5,0,3
1162,134,99,13,1,0,0,0,0,1,0
1163,135,42,13,1,0,1,0,2,0,0
1165,136,7,13,2,0,0,2,3,0,2
